genres,avg_score,std_dev,total_votes,sentiment_gap,marmite_score,count_1s,count_2s,count_3s,count_4s,count_5s
Adventure|Animation|Children|Comedy|Fantasy,3.7308,0.9888,219615,0.188,19.7,3937,20853,34906,117732,39333
Action|Drama|War,3.8849,0.9725,346848,0.3421,25.26,5368,27713,45608,182796,82262
Adventure|Children,3.002,1.1099,45554,-0.5409,14.69,3277,9405,14997,13071,3413
Action|Adventure|Sci-Fi,3.5665,1.1103,860853,0.0237,20.8,26433,116817,155431,392643,152652
Comedy|Drama|Romance|War,4.0858,0.9378,146886,0.543,34.66,2039,7789,16346,70929,48872
Drama|Romance,3.676,1.0251,1044604,0.1332,20.35,25477,110363,188330,520985,187054
Animation|Children|Fantasy|Musical,3.6208,1.007,76566,0.078,18.95,1783,8058,17019,36146,12726
Action|Crime|Thriller,3.535,1.0113,512206,-0.0078,15.65,13493,61322,116669,247353,66677
Action|Adventure,3.698,1.0947,191146,0.1551,24.22,5585,22274,29452,90239,40715
Comedy|Musical|Romance,3.4591,1.1684,76429,-0.0837,21.01,3522,10795,14203,33347,12536
Action|Adventure|Horror|Sci-Fi,3.9689,0.9549,41201,0.4261,27.95,582,2532,4945,21791,10932
Horror|Sci-Fi,3.3273,1.2013,117230,-0.2155,21.0,7382,20453,24434,45091,17240
Drama,3.6944,0.9726,2382797,0.1516,17.89,46387,229073,419970,1281993,379968
Adventure|Comedy|Sci-Fi,3.6288,1.0186,176953,0.086,18.65,4506,20055,32714,89173,28502
Action|Comedy|Crime|Drama|Sci-Fi,3.6369,0.8689,14374,0.0941,13.43,159,1371,3430,7588,1771
Comedy|Drama|Romance,3.5853,1.0084,920645,0.0425,16.49,21186,111276,177980,467369,130627
Action|Crime|Mystery|Sci-Fi|Thriller,3.5966,0.8865,55502,0.0538,10.47,810,5950,10344,32927,5002
Adventure|Animation|Children,3.4805,1.0777,39386,-0.0623,16.35,1194,5395,7944,18706,5244
Adventure|Animation|Children|Fantasy,3.4367,1.0832,33895,-0.1061,14.34,979,4938,6409,16722,3880
Action|Sci-Fi|Thriller,3.629,1.0905,427578,0.0862,21.98,12675,56382,70869,200317,81287
Comedy|Romance,3.3746,1.0646,1157380,-0.1682,15.07,40566,187258,275038,499477,133795
Drama|Horror|Mystery,3.8755,0.9288,78144,0.3327,22.03,921,6062,9660,44544,16294
Children|Comedy,2.8993,1.1853,173610,-0.6435,16.59,15781,43042,44522,50268,13024
Comedy|Drama,3.586,0.9968,968094,0.0432,16.16,23746,113353,191706,495792,132688
Action|Adventure|Drama,3.7451,1.0223,164671,0.2023,21.57,3352,17487,24913,84880,32162
Adventure|Animation|Children|Comedy|Fantasy|Romance,3.7309,0.97,59444,0.1881,17.04,973,5592,8131,34733,9154
Drama|Romance|Thriller,3.6639,1.0307,56459,0.1211,18.83,1450,6396,9454,29273,9183
Adventure|Children|Fantasy,3.353,1.0547,137665,-0.1898,14.11,4799,23347,31734,60668,14629
Adventure|Fantasy,3.9209,1.0561,219663,0.378,29.58,3906,18443,23206,109226,61068
Action|Adventure|Comedy|Fantasy,3.4614,1.0767,97329,-0.0815,15.03,3340,14791,17486,48594,11288
Drama|Fantasy,3.5855,1.0756,24543,0.0426,18.93,646,3267,4011,12151,4000
Comedy|Drama|War,3.7939,0.9223,49441,0.2511,19.47,647,3675,8297,27397,8980
Action|Adventure|Drama|Fantasy,4.0114,1.076,81896,0.4686,34.4,1449,6558,6601,38979,26722
Drama|Romance|War,3.7084,1.0515,77473,0.1656,24.01,1969,8377,13552,36098,16632
Comedy|Musical,3.4734,1.003,57673,-0.0694,12.82,1406,8140,11212,29946,5987
Action|Drama,3.2936,1.0653,122992,-0.2492,12.72,5637,21505,27058,56466,10002
Action|Adventure|Sci-Fi|Thriller,3.4635,1.0198,466414,-0.0793,14.78,13009,67248,103770,220074,55915
Action|Adventure|Animation|Children|Comedy,3.792,0.9352,64896,0.2492,17.23,810,5520,8139,39236,10369
Crime|Drama,4.0037,0.9028,820334,0.4609,27.36,7964,48634,93453,448402,216454
Action|Crime|IMAX,3.9249,0.8663,43300,0.3821,18.01,414,2580,3932,28563,7385
Children|Comedy|Drama|Fantasy,3.0928,1.0802,1088,-0.45,8.64,35,242,259,445,59
Drama|Thriller,3.4978,0.9602,494023,-0.0451,12.15,11461,63466,110841,254450,48547
Action|Sci-Fi|Thriller|IMAX,3.573,1.0772,71651,0.0302,16.44,1677,9908,10071,38210,10100
Adventure|Comedy|Fantasy|Romance,3.7969,0.9184,9103,0.2541,16.72,105,846,1077,5574,1417
Action|Adventure|Thriller,3.3833,0.988,445774,-0.1595,12.53,13088,66447,119497,198598,42782
Comedy,3.2592,1.1233,1994913,-0.2836,15.23,101161,361148,453288,825632,202614
Comedy|Crime|Thriller,3.8334,0.9308,94197,0.2906,20.69,1533,6972,15365,51834,17956
Children|Drama,3.5531,1.0689,69058,0.0103,21.24,2210,7993,16473,28907,12459
Mystery|Thriller,3.971,0.9121,205200,0.4282,25.12,2325,12858,25084,114336,49217
Animation|Children|Drama|Musical|Romance,3.1017,1.079,31891,-0.4412,13.38,1647,6738,9673,10422,2620
Crime|Mystery|Thriller,3.9914,0.9031,178745,0.4486,26.76,1804,11114,20822,97927,46034
Crime|Drama|Thriller,3.7437,0.9039,403509,0.2008,15.58,5240,35840,63094,238689,57643
Adventure|Drama|IMAX,3.8244,0.8965,76810,0.2816,21.3,770,5109,14594,40277,15588
Action|Drama|Romance|War,3.4116,1.0917,46241,-0.1312,16.74,1675,7201,10150,20223,6065
Action|Adventure|Comedy|Crime,3.1982,1.0327,73970,-0.3447,13.13,3474,13200,24879,25164,6241
Action|Adventure|Mystery|Sci-Fi,2.6071,1.0299,16337,-0.9357,17.18,2277,4569,6211,2429,530
Drama|Thriller|War,3.7941,0.8494,73697,0.2513,16.88,615,4771,14094,42027,11826
Action|Drama|Romance,3.5385,1.0832,62858,-0.0043,18.27,2079,8624,11741,29996,9408
Action|Crime|Sci-Fi,3.0267,1.1194,40900,-0.5161,12.12,2836,9390,9528,15758,2123
Action,2.9784,1.1104,58336,-0.5644,14.08,4606,13573,15872,19099,3605
Adventure|Comedy,3.138,1.156,138287,-0.4048,15.44,9218,26798,32456,53230,12133
Action|Comedy|Romance,3.2641,0.9903,57223,-0.2787,10.56,1802,10475,15840,23957,4242
Drama|Horror,3.4431,1.0066,62571,-0.0998,14.12,1914,8078,16143,28669,6920
Comedy|Sci-Fi,3.0639,1.1253,125822,-0.479,14.31,8336,27976,32610,43743,9665
Drama|Fantasy|Romance,3.7264,0.9767,111034,0.1836,18.93,1971,11255,17697,59983,19051
Drama|Romance|War|Western,3.504,1.0425,19012,-0.0388,20.12,684,2164,5556,7307,3141
Action|Drama|Sci-Fi|Thriller,3.2714,1.008,62815,-0.2714,11.24,1894,10783,18064,25660,5164
Action|Crime|Drama|Thriller,3.7618,0.9773,350106,0.219,20.65,5950,32925,58475,183229,66336
Comedy|Crime|Drama|Thriller,4.1015,0.9471,201014,0.5587,35.86,3522,9999,20931,96810,68571
Action|Drama|Thriller,3.3691,1.0555,153781,-0.1737,13.81,5503,25552,35693,68783,15729
Comedy|Drama|Fantasy,3.6262,1.0164,78374,0.0834,18.4,1900,8580,16047,38405,12523
Drama|Mystery|Thriller,3.6304,0.98,248775,0.0876,15.53,5223,28521,43473,135507,33401
Adventure|Animation|Children|Drama|Musical|IMAX,3.8335,0.9388,53509,0.2907,23.69,761,3525,10719,26255,11913
Action|Comedy|Crime|Fantasy,3.1771,1.0018,42398,-0.3657,11.53,1745,7714,14104,14968,3143
Action|Romance|Thriller,3.3106,1.0689,56022,-0.2322,15.48,2627,8740,14687,22956,6044
Action|Adventure|Comedy|Romance|Thriller,3.4317,0.9739,58458,-0.1112,14.52,1542,7392,17946,24061,6948
Action|Comedy|Crime|Thriller,3.1793,1.034,106066,-0.3635,11.25,4573,21683,27619,42742,7356
Adventure|Comedy|Western,3.1102,0.992,34685,-0.4326,11.18,1723,6374,13051,10888,2154
Thriller,3.5175,0.9738,240522,-0.0253,14.54,5739,30300,55337,117556,29240
Drama|War,3.9566,0.9129,382469,0.4138,25.03,4314,22684,46411,214371,91432
Action|Drama|Western,3.9395,0.904,58556,0.3967,23.3,639,3427,8207,32847,13006
Comedy|Drama|Fantasy|Romance|Thriller,3.4466,0.9897,33609,-0.0962,16.1,919,4307,10310,13298,4492
Adventure|Animation|Children|Comedy|Musical,3.6523,0.9435,76048,0.1095,17.92,1435,6466,19143,36286,12191
Action|Sci-Fi,3.3402,1.1816,211213,-0.2026,19.3,11864,35395,41618,87860,28894
Adventure|Drama|Western,3.7247,0.9583,57913,0.1819,22.03,1088,4489,14188,26178,11670
Crime|Horror|Thriller,3.9071,1.0733,125439,0.3643,30.56,2632,9590,14494,60518,35708
Animation|Children|Fantasy|Musical|Romance|IMAX,3.6799,0.9892,45404,0.1371,22.39,989,3667,12063,19167,9176
Animation|Children|Comedy,3.3907,1.1554,88908,-0.1521,17.09,3177,14499,15424,40652,12015
Adventure|Animation|Children|Comedy,3.5327,0.9967,166266,-0.0101,13.1,3352,21370,29714,90290,18423
Adventure|Animation|Children|Romance|Sci-Fi,4.014,0.8956,42033,0.4711,24.52,420,2420,3573,25336,9887
Adventure|Animation|Children|Drama,3.8347,0.943,54859,0.2919,20.16,775,4357,7225,31639,10283
Adventure|Fantasy|Mystery|Romance|IMAX,3.8269,1.0086,21849,0.2841,23.1,338,1781,2624,11998,4709
Adventure|Animation|Children|Fantasy|IMAX,3.7195,1.0198,28973,0.1767,18.57,503,3039,3695,16322,4876
Action|Crime|Drama|Mystery|Sci-Fi|Thriller|IMAX,4.1762,0.8424,65056,0.6334,32.16,385,3005,4420,36333,20536
Action|Adventure|Fantasy|IMAX,3.5117,1.1024,41710,-0.0311,17.77,1046,6647,6570,20096,6364
Action|Adventure|Drama|Fantasy|Mystery|IMAX,3.8955,1.0176,20882,0.3527,25.69,348,1534,2185,11422,5016
Sci-Fi|IMAX,4.147,0.8936,40603,0.6042,33.68,317,2202,3053,21384,13359
Action|Animation|Comedy,3.813,0.9528,19644,0.2702,19.35,284,1511,2291,11750,3518
Drama|Sci-Fi|Thriller,3.6222,1.0033,129021,0.0794,15.81,2871,15909,20725,70453,17522
Adventure|Animation|Children|Comedy|Drama|Fantasy,3.9189,0.9692,22956,0.3761,23.94,281,1672,2291,13147,5214
Action|Adventure|Comedy,3.2061,1.1035,101530,-0.3367,12.95,4762,20271,21536,43644,8383
Drama|Horror|Thriller,3.311,1.1105,120782,-0.2318,14.25,5544,21174,23574,55744,11669
Action|Comedy|Sci-Fi,3.4409,1.038,165629,-0.1019,14.5,5311,24824,33867,80322,18707
Children|Drama|Sci-Fi,3.7357,0.9644,44024,0.1928,21.19,740,4076,8573,21755,8588
Adventure|Animation|Fantasy,4.1671,0.9497,37571,0.6242,35.58,430,1824,2285,19540,12939
Adventure|Fantasy|IMAX,3.6223,1.0585,72453,0.0795,17.71,1543,9020,10358,38690,11285
Adventure|Fantasy|Thriller|IMAX,3.7682,0.9875,27128,0.2254,19.53,370,2375,3438,15517,4928
Adventure|Comedy|Drama,3.7569,0.9585,59239,0.2141,16.99,973,5882,7161,35500,9090
Drama|Fantasy|Thriller,3.8917,0.9627,30177,0.3489,21.44,407,2454,3013,17876,6063
Animation|Children|Drama,3.7027,0.9534,46346,0.1598,16.28,736,4392,7647,26209,6807
Animation|Children|Comedy|Crime,3.9123,0.9967,33170,0.3695,26.55,484,2265,3520,18002,8323
Drama|Mystery|Sci-Fi|Thriller,3.9387,0.8983,103123,0.3959,20.94,958,7332,10222,63117,20637
Action|Mystery|Sci-Fi|Thriller,3.4904,1.0065,17926,-0.0524,11.73,375,2564,2935,9953,1728
Comedy|Drama|Thriller,3.5727,0.9638,26455,0.0299,15.52,684,2684,6332,13117,3423
Drama|Fantasy|Horror|Thriller,3.2772,1.0103,23706,-0.2656,12.09,851,4011,6834,9624,2015
Comedy|Crime|Drama,3.7745,0.9657,136277,0.2317,19.22,2369,12356,18634,77635,23829
Comedy|Fantasy,3.3628,1.0958,95435,-0.18,15.95,3932,16726,19708,42015,11288
Documentary,3.7376,1.0079,325544,0.1948,18.59,6126,24970,45273,187438,54378
Action|Comedy|Musical,3.65,1.0673,28824,0.1072,22.17,944,3304,5111,13712,5447
Drama|Musical,3.5325,1.0781,62513,-0.0103,19.01,2146,7907,13016,28684,9739
Action|Crime,3.3576,1.0536,127925,-0.1852,13.04,4673,22651,25779,60716,12012
Action|Comedy,3.1203,1.1065,190589,-0.4225,12.06,9946,42550,42285,77004,13041
Action|Comedy|Crime|Drama|Thriller,3.1761,0.9859,27899,-0.3667,10.43,1095,5535,8572,10506,1814
Drama|Sci-Fi,3.6003,0.989,111053,0.0575,16.02,2328,13584,20699,57774,15460
Action|Adventure|Crime|Thriller,3.2295,1.0236,34824,-0.3133,11.05,1302,7011,8807,14567,2546
Adventure|Comedy|Fantasy,3.7757,1.0426,103211,0.2329,23.59,2208,11032,13907,52654,22140
Horror|Sci-Fi|Thriller,3.193,1.0853,122186,-0.3498,12.92,6294,25036,27461,51235,9498
Action|Adventure|Drama|Sci-Fi,3.1935,1.1221,27800,-0.3493,12.9,1340,6341,5286,11865,2246
Horror|Thriller,3.0094,1.1404,246204,-0.5334,13.48,16869,59227,55740,89180,16325
Comedy|Horror|Musical,3.3059,1.0547,11470,-0.2369,13.32,475,1949,2714,5063,1053
Action|Mystery|Thriller,3.7396,0.9074,55491,0.1968,15.19,737,5030,8529,33082,7691
Action|Crime|Drama|IMAX,4.1692,0.9124,66289,0.6264,34.33,632,3293,4291,35253,22125
Action|Thriller,3.3016,1.0053,221909,-0.2412,11.62,7654,38676,57838,96439,18135
Adventure|Drama|Sci-Fi,3.7124,1.003,145831,0.1696,21.24,2964,14015,29273,70196,28006
Action|Crime|Drama|War,3.5176,0.8709,8974,-0.0252,12.31,118,844,2923,4050,987
Adventure|Animation|Comedy,3.5678,1.0901,34068,0.025,19.14,850,4411,5421,16838,5670
Action|Adventure|Romance|Thriller,3.2385,1.0001,43704,-0.3043,13.77,1687,7764,15069,14429,4333
Adventure|Children|Fantasy|Musical,3.9077,0.9799,30746,0.3649,29.78,433,2292,4844,14216,8723
Children|Comedy|Fantasy|Musical,3.6892,0.9894,56274,0.1464,21.07,1235,5166,12426,26393,10624
Action|Romance,3.4082,1.0092,27123,-0.1346,13.6,733,4399,6315,12374,2956
Drama|Mystery,3.821,0.9645,103971,0.2781,22.91,1645,8738,16092,54473,22176
Comedy|Crime|Romance,3.501,1.0388,26281,-0.0418,14.52,628,3232,5491,13109,3188
Crime|Film-Noir|Mystery|Thriller,4.0345,0.8579,65064,0.4917,28.1,516,3040,8430,35061,17765
Comedy|War,3.8575,1.0441,69895,0.3146,28.38,1767,6143,9613,33646,18068
Comedy|Drama|Sci-Fi,3.8401,0.8593,51794,0.2972,16.61,472,3768,6851,32283,8132
Crime|Drama|Mystery,3.6984,0.9132,70854,0.1556,13.37,1088,6964,10639,43185,8386
Adventure|Animation|Children|Comedy|Drama|Musical|Romance,3.7531,0.9511,15736,0.2103,18.94,268,1338,2534,8733,2713
Comedy|Horror,3.1249,1.1735,150126,-0.4179,14.5,9465,32026,30671,60153,12296
Adventure|Comedy|Sci-Fi|Western,3.3551,1.0213,28064,-0.1877,13.2,909,4997,6582,12451,2795
Adventure|Children|Sci-Fi,3.3638,0.9307,10797,-0.1791,9.51,226,1739,2770,5146,801
Animation|Children|Comedy|Musical|Romance,3.525,1.0472,19003,-0.0178,17.91,539,2556,4033,8740,2864
Comedy|Fantasy|Romance,3.5231,1.0288,115155,-0.0197,15.26,2746,16514,21913,57405,14829
Comedy|Fantasy|Sci-Fi,3.2327,0.9888,23026,-0.3101,10.08,794,4763,5914,9761,1526
Animation|Children,3.2362,1.1681,47847,-0.3067,15.52,2403,7449,11217,19625,5025
Comedy|Crime|Mystery,3.5121,1.0133,19090,-0.0307,14.22,480,2697,3607,9816,2235
Drama|Musical|Romance,3.5211,1.1134,81326,-0.0217,18.28,2749,11117,13560,39808,12120
Crime|Thriller,3.5573,0.9415,150819,0.0145,13.2,2831,18531,32055,79081,17076
Action|War,3.0312,1.1575,17207,-0.5116,15.56,1554,3682,3899,6475,1123
Action|Adventure|Comedy|Drama|War,3.5729,0.9036,15233,0.0301,11.99,260,1707,3085,8500,1566
Adventure|Children|Comedy|Musical,3.4102,1.0986,16644,-0.1326,16.7,639,2028,4211,7178,2140
Action|Comedy|Crime|Romance,3.6032,1.0195,11318,0.0604,16.58,314,1203,1891,6163,1563
Crime|Drama|Horror|Mystery|Thriller,3.256,0.9544,12311,-0.2868,10.64,338,2087,4270,4492,972
Action|Romance|Western,3.4314,0.9556,18190,-0.1114,12.59,515,2375,5011,8370,1776
Drama|Horror|Sci-Fi,3.3551,1.0526,24952,-0.1877,15.33,962,3799,6736,10186,2863
Adventure|Drama|War,3.8812,0.937,53623,0.3384,24.27,648,3939,7963,28322,12366
Action|Crime|Fantasy|Thriller,3.5146,1.0002,19115,-0.0282,17.83,628,2165,5266,8167,2780
Children|Comedy|Fantasy,2.9784,1.0865,107155,-0.5644,12.3,7004,24904,31545,34202,6174
Adventure|Children|Romance,3.3567,0.997,9231,-0.1861,14.02,264,1306,3040,3465,1030
Drama|Horror|Romance|Thriller,3.0805,0.9185,6934,-0.4623,8.34,291,1338,2809,2134,287
Western,3.6074,0.9485,61940,0.0646,13.67,1203,6462,11991,34302,7264
Action|Crime|Drama,3.5395,0.9932,89351,-0.0033,14.0,2127,11823,17546,46449,10379
Drama|Mystery|Romance|Thriller,3.7392,1.0056,50748,0.1964,22.44,1330,4765,8739,25494,10059
Action|Comedy|War,3.0471,1.052,18556,-0.4957,12.07,1115,3818,6031,6042,1124
Action|Adventure|Fantasy|Mystery,2.9456,0.9339,4514,-0.5972,10.43,276,989,1988,1030,195
Comedy|Romance|Thriller,3.2298,1.0245,15543,-0.313,11.93,604,2801,4606,6008,1250
Animation|Children|Drama|Fantasy|Musical,3.5668,0.9918,21907,0.024,18.29,456,2376,5834,9462,3550
Action|Adventure|Animation|Horror|Sci-Fi,3.3758,1.0743,8957,-0.167,18.92,401,1291,2702,3176,1294
Action|Adventure|Mystery|Thriller,3.4205,0.8973,52927,-0.1223,10.73,1116,6222,16782,23860,4565
Action|Adventure|Fantasy,3.2527,1.1075,193283,-0.2901,13.98,9080,36511,41957,82927,17932
Comedy|Thriller,2.9181,1.0674,33825,-0.6247,12.53,2678,8519,10045,10270,1559
Mystery|Sci-Fi|Thriller,3.8334,0.9057,90640,0.2905,19.53,1182,6090,15348,50904,16521
Comedy|Crime,3.4739,1.1156,340050,-0.0689,18.21,13754,50763,60677,160070,48178
Action|Adventure|Western,4.1148,0.8525,24769,0.572,30.26,192,1014,2416,13700,7302
Action|Adventure|Fantasy|Sci-Fi,3.2724,1.1389,58243,-0.2704,13.11,2243,11247,9940,27252,5392
Adventure|Animation|Children|Comedy|Musical|Romance,3.4782,1.0051,26972,-0.0647,11.32,558,3805,4642,14882,2496
Action|Adventure|Animation|Comedy,3.4555,1.0827,8860,-0.0873,12.42,227,1264,1278,4919,873
Action|Crime|Film-Noir|Mystery|Thriller,3.7606,0.9821,28782,0.2178,16.72,502,2796,3250,17492,4311
Action|Adventure|Comedy|Romance,3.2787,0.9496,59601,-0.2641,9.19,1537,10858,16735,25792,3943
Comedy|Drama|Fantasy|Romance,3.5037,0.9578,89030,-0.0391,12.16,1803,11928,18677,46562,9021
Drama|Fantasy|Mystery|Romance,3.6368,0.9431,35793,0.094,13.25,580,4248,5421,21021,4163
Action|Adventure|Drama|Sci-Fi|Thriller,3.4555,1.0393,74592,-0.0874,12.97,1708,12845,12510,38214,7968
Action|Adventure|Crime|Drama|Thriller|War,3.851,0.794,16944,0.3082,12.64,96,1047,1958,11697,2046
Action|Comedy|Crime|Mystery,3.8703,0.9075,21222,0.3275,18.71,225,1613,2251,13179,3746
Action|Fantasy|War|IMAX,3.5543,1.056,25715,0.0115,14.46,589,3488,3634,14263,3130
Action|Horror|Sci-Fi|Thriller|IMAX,3.4713,0.9722,23576,-0.0715,11.11,455,3601,4190,12807,2164
Action|Animation|Children|Comedy|IMAX,3.6267,0.9838,17050,0.0839,14.44,312,1790,2571,9899,2150
Action|Adventure|Comedy|Crime|Fantasy,3.1301,0.9556,11296,-0.4127,6.9,314,2842,2642,4831,465
Action|Drama|Mystery|Sci-Fi|Thriller|IMAX,3.6913,0.9978,17500,0.1485,15.66,270,1968,2205,10280,2470
Action|Adventure|Animation|Children|Comedy|IMAX,3.3709,1.0302,8371,-0.172,10.82,193,1361,1574,4294,713
Action|Adventure|Sci-Fi|IMAX,3.4512,1.0889,242158,-0.0916,14.31,6673,38642,38844,123547,27985
Action|Adventure|Comedy|Sci-Fi,3.5669,1.0625,96243,0.0241,17.43,2464,13454,15920,48441,14310
Action|Crime|Mystery|Thriller,3.523,0.9683,37647,-0.0199,12.56,789,5354,7121,20083,3938
Action|Adventure|Sci-Fi|Thriller|IMAX,3.2716,1.0838,86100,-0.2713,12.09,2750,18333,15882,39177,7657
Adventure|Animation|Children|Comedy|Fantasy|IMAX,3.6815,1.077,25307,0.1387,19.06,558,2766,3269,13810,4266
Action|Sci-Fi|Thriller|Western|IMAX,2.8031,0.9901,3434,-0.7397,7.34,169,1224,801,1046,83
Sci-Fi|Thriller,3.2842,1.0653,54661,-0.2586,12.84,2410,10594,11309,24862,4609
Action|Drama|Mystery|Sci-Fi|Thriller,3.5931,0.9166,17638,0.0502,10.6,239,2193,2637,10745,1631
Action|Adventure|Drama|Fantasy|IMAX,3.3218,1.0137,14900,-0.221,10.7,390,2779,2945,7258,1205
Action|Adventure|Sci-Fi|Thriller|War,3.5937,0.9773,30163,0.0509,13.09,505,3342,4623,17628,3442
Action|Adventure|Crime|IMAX,3.973,0.9343,31704,0.4302,24.44,351,2037,2847,18693,7396
Action|Adventure|Drama|Thriller|IMAX,3.4096,0.9912,5416,-0.1332,12.17,120,957,1047,2675,539
Action|Adventure|Comedy|Crime|Mystery|Thriller,3.7196,0.9373,13017,0.1768,16.27,178,1372,1810,7590,1940
Action|Comedy|Sci-Fi|IMAX,3.3493,0.9908,7884,-0.1935,10.62,200,1415,1622,3879,637
Action|Horror|Sci-Fi|IMAX,3.3165,1.0446,13134,-0.2263,10.83,375,2558,2407,6433,1048
Action|Adventure|Thriller|IMAX,3.6596,0.93,27175,0.1168,12.49,349,2948,3731,16737,3046
Drama|Sci-Fi|IMAX,3.4677,1.0747,11585,-0.0751,14.61,277,2012,1837,5798,1416
Action|Drama|Sci-Fi|IMAX,3.2824,0.9354,11629,-0.2605,7.61,246,2367,2532,5681,639
Animation|Children|Comedy|IMAX,3.4613,1.0446,6959,-0.0815,13.35,151,1037,1204,3603,778
Action|Comedy|Crime,3.2298,1.0928,71252,-0.3131,11.3,2675,14391,13793,32691,5374
Action|Sci-Fi|IMAX,3.712,0.9675,43400,0.1691,15.44,667,4441,5629,25994,6036
Animation,3.4613,1.1601,20247,-0.0815,17.13,600,2965,3080,9913,2868
Crime|Drama|Mystery|Thriller,3.5011,0.9802,116954,-0.0417,13.0,2764,16000,24932,59548,12445
Adventure|Animation|Children|Comedy|Fantasy|Sci-Fi,2.8355,1.1199,16011,-0.7073,13.97,1335,4414,4435,4318,902
Comedy|Fantasy|Romance|Sci-Fi,2.8246,1.107,23992,-0.7182,14.4,2042,6202,7866,5565,1414
Action|Adventure|Drama|Thriller,3.445,1.0159,32578,-0.0978,13.44,955,4851,7161,15759,3422
Adventure|Children|Comedy,2.8542,1.1161,23823,-0.6886,13.8,1927,6446,6554,6632,1361
Action|Adventure|Comedy|Thriller,3.0361,1.0845,18692,-0.5068,12.11,1081,4410,4843,6645,1183
Action|Adventure|Comedy|Fantasy|Romance,4.1055,0.9368,51116,0.5627,35.77,609,2633,5276,24516,17674
Crime|Drama|Romance|War,3.7117,0.949,3457,0.1689,18.08,71,293,656,1856,554
Adventure|Animation|Children|Drama|Sci-Fi,3.8694,0.9267,13181,0.3266,21.88,204,889,1746,7556,2680
Adventure|Children|Comedy|Fantasy,3.0433,1.1106,14885,-0.4995,10.04,710,3360,3234,6081,784
Adventure|Children|Drama|Fantasy|IMAX,3.2796,1.015,4406,-0.2632,9.37,134,844,893,2156,279
Adventure|Animation|Sci-Fi,3.4422,0.9479,4728,-0.1007,9.67,75,734,899,2559,382
Adventure|Animation|Children|Comedy|Crime,3.8943,0.9124,9990,0.3515,18.62,116,685,933,6389,1744
Drama|Romance|Thriller|War,3.669,0.8638,1530,0.1261,9.48,13,151,205,1010,132
Animation|Fantasy,3.669,1.0458,5135,0.1262,17.66,91,539,720,2835,816
Adventure|Drama,3.7074,0.9379,118588,0.1645,16.63,1950,11389,20216,66307,17772
Crime|Drama|Sci-Fi|Thriller,3.9225,1.0169,41868,0.3797,28.01,835,3135,5030,21477,10892
Adventure|Sci-Fi,3.1914,1.1119,39807,-0.3514,14.73,2113,8104,9782,15144,3752
Action|Romance|Sci-Fi|Thriller,3.0888,1.1157,42047,-0.454,13.4,2422,9961,9678,15658,3211
Adventure|Children|Comedy|Fantasy|Sci-Fi,2.7225,1.0036,20063,-0.8203,9.5,1449,6576,5952,4937,456
Animation|Children|Comedy|Romance,3.4545,0.9983,18248,-0.0883,14.83,522,2458,4609,8263,2184
Action|Adventure|Comedy|Fantasy|Horror|Thriller,3.221,1.062,24824,-0.3218,12.16,1106,4985,5566,10730,1913
Adventure|Comedy|Crime,3.7219,1.0259,35801,0.1791,18.71,728,3951,4514,20096,5972
Drama|Romance|Sci-Fi,3.8343,1.0001,86540,0.2915,21.84,1486,8303,9928,48401,17415
Horror,3.1587,1.2258,270512,-0.3841,18.12,20335,53484,51712,106194,28673
Action|Adventure|Crime|Drama|Thriller,4.1561,0.8678,27948,0.6133,29.29,237,1141,1610,16703,7948
Action|Comedy|Crime|Drama,3.5003,0.9296,75969,-0.0425,11.41,1506,9432,17219,39886,7165
Adventure|Drama|Fantasy|IMAX,3.7628,1.0098,21900,0.2199,20.73,358,1952,2832,12160,4181
Crime|Drama|Romance|Thriller,3.5676,0.9521,24936,0.0248,14.36,538,2944,5153,13049,3044
Action|Adventure|Fantasy|Sci-Fi|IMAX,3.4836,1.1004,27039,-0.0592,15.37,719,4072,4121,13909,3438
Action|Adventure|Crime,3.2636,1.0047,7633,-0.2792,9.77,203,1532,1586,3595,543
Action|Horror,3.4822,1.175,39281,-0.0606,21.66,1803,5385,6982,17353,6705
Action|Drama|Romance|Thriller,3.1045,0.9633,3819,-0.4383,9.4,163,851,1270,1305,196
Action|Adventure|Mystery|Romance|Thriller,4.1873,0.7849,21883,0.6445,32.99,100,610,1857,12105,7120
Animation|Children|Fantasy|Musical|Romance,3.515,1.0034,16128,-0.0278,15.24,353,2029,3675,7704,2105
Adventure|Children|Musical,3.2364,1.0302,7738,-0.3064,12.57,347,1289,2338,3009,626
Musical|Romance,3.7201,1.1304,24333,0.1773,27.0,645,2389,4048,10722,5925
Action|Adventure|Comedy|Fantasy|Horror,3.7178,1.0114,15454,0.175,21.3,379,1406,2697,7890,2912
Action|Adventure|Animation|Sci-Fi,3.9631,1.0137,26072,0.4203,28.26,415,1870,2544,13878,6953
Children|Drama|Fantasy,3.5687,1.0154,20159,0.0259,18.03,562,2379,4452,9495,3073
Action|Adventure|Fantasy|Thriller,2.3388,1.1024,19732,-1.204,16.57,2882,7535,4033,3434,388
Comedy|Horror|Musical|Sci-Fi,3.3495,1.2179,16910,-0.1933,21.4,1042,2718,3159,6921,2576
Animation|Comedy|Musical,3.5565,1.1448,24302,0.0137,21.21,1140,2782,3691,12088,4015
Action|Comedy|Sci-Fi|Western,2.3382,1.0726,14638,-1.2046,18.68,2486,5594,3063,2487,248
Drama|Fantasy|Musical,3.7411,0.9848,2899,0.1983,22.63,69,257,585,1386,587
Action|Adventure|Animation|Drama|Fantasy,4.1323,0.886,19187,0.5895,31.2,199,791,1407,10815,5788
Fantasy|Horror|Mystery|Romance,3.525,0.8814,18152,-0.0178,10.27,323,2236,3917,10045,1541
Action|Children|Comedy|Fantasy|Sci-Fi,2.8831,1.0906,6312,-0.6597,13.39,533,1707,1662,1931,312
Action|Children|Fantasy,2.6375,1.1516,3983,-0.9054,17.1,517,1245,875,1005,164
Comedy|Western,3.4355,1.0396,41806,-0.1074,14.47,1279,6486,8664,19938,4772
Adventure|Animation|Fantasy|Sci-Fi,3.082,1.068,8946,-0.4608,10.36,398,2136,2177,3435,529
Action|Comedy|Documentary,2.9802,1.252,7256,-0.5626,13.09,452,1424,1368,2915,498
Animation|Children|Drama|Fantasy,4.1412,0.8704,14549,0.5984,30.6,123,525,991,8420,4329
Comedy|Crime|Drama|Musical,3.5189,1.063,13208,-0.0239,14.12,361,1824,1970,7229,1504
Action|Horror|Sci-Fi,3.2399,1.1298,58377,-0.3029,13.27,3027,11276,11100,26596,4720
Action|Adventure|Comedy|Crime|Thriller,2.831,1.148,11773,-0.7118,10.74,740,3600,2240,3987,524
Action|Fantasy|Sci-Fi,2.863,1.0635,12495,-0.6798,8.75,657,3973,2705,4237,436
Action|Adventure|Animation|Fantasy,3.4876,1.2043,3314,-0.0552,14.42,83,352,395,1873,395
Action|Drama|Horror|Thriller,3.61,0.9469,17452,0.0672,11.87,275,2024,2607,10488,1797
Adventure|Animation|Drama|Fantasy|Sci-Fi,4.0947,0.8601,7928,0.5518,26.31,59,276,587,4880,2027
Action|Adventure|Fantasy|Horror,3.2314,1.0697,29436,-0.3115,11.51,1069,5913,6089,13198,2320
Action|Adventure|Drama|War,3.6301,0.9689,72996,0.0873,14.43,1162,8823,11398,41280,9373
Comedy|Documentary|Drama,3.4314,0.9906,15162,-0.1114,8.38,322,1976,2627,8852,948
Action|Adventure|Drama|Mystery|Thriller,3.3737,0.9951,13753,-0.1691,10.14,317,2465,2610,7042,1077
Action|Animation|Drama|Sci-Fi,3.6449,0.9505,7542,0.1021,13.3,120,727,1151,4531,883
Adventure|Children|Comedy|Fantasy|IMAX,3.1334,1.0428,17637,-0.4094,8.48,655,4171,3602,7864,841
Animation|Comedy|Fantasy|Musical|Romance,3.5449,0.928,10276,0.002,10.76,151,1292,1776,5956,955
Action|Fantasy|Sci-Fi|Thriller,2.4545,1.1434,2174,-1.0884,12.28,211,897,343,484,56
Action|Comedy|Horror|Thriller,3.2039,1.0998,21567,-0.3389,13.64,1137,4275,4873,8991,1805
Action|Comedy|Fantasy|IMAX,3.0694,0.9861,8922,-0.4734,7.6,307,2256,2144,3616,371
Adventure|Comedy|Musical,3.3055,1.1536,12529,-0.2373,18.7,709,2389,2572,5003,1634
Action|Fantasy|Thriller,2.4627,1.116,6212,-1.0802,11.67,566,2524,1121,1336,159
Crime,3.2953,1.0299,9165,-0.2475,13.49,410,1483,2394,3919,826
Film-Noir|Horror|Mystery|Thriller,3.574,0.9738,3465,0.0312,15.67,88,442,705,1760,455
Drama|Fantasy|Mystery|Sci-Fi,3.5554,0.9544,12664,0.0125,11.55,223,1644,2213,7182,1240
Adventure|Children|Comedy|Fantasy|Mystery,2.4046,1.1432,4302,-1.1382,15.09,520,1642,837,814,129
Adventure|Animation|Children|Sci-Fi,3.4692,1.0819,13200,-0.0737,16.72,524,1773,2430,6528,1683
Action|Fantasy|Horror|Thriller,3.2585,1.0648,22840,-0.2843,11.1,730,4778,4520,10398,1805
Comedy|Crime|Mystery|Thriller,3.6658,0.9388,18976,0.123,14.35,389,2007,3002,11116,2334
Action|Adventure|Drama|Fantasy|Thriller,3.1285,1.0267,13074,-0.4143,8.51,528,3045,2912,5688,584
Adventure|Comedy|Sci-Fi|Thriller,3.4187,0.9719,6102,-0.1241,10.37,122,1009,1103,3261,511
Adventure|Drama|Thriller,3.6031,0.9294,43088,0.0603,12.17,702,4585,7582,25151,4540
Action|Crime|Horror|Sci-Fi|Thriller,3.6406,0.9719,6939,0.0978,13.17,117,769,914,4217,797
Action|Adventure|Crime|Horror|Thriller,3.5495,0.9685,6410,0.0066,11.75,115,876,965,3721,638
Animation|Comedy,3.4319,1.0638,53391,-0.1109,12.75,1316,8166,9022,27830,5494
Action|Adventure|Comedy|War,3.239,1.077,14300,-0.3039,11.83,729,2597,3008,6676,962
Drama|Fantasy|Romance|Thriller,2.4382,1.354,9647,-1.1047,17.0,1050,2910,1404,2226,590
Comedy|Drama|Musical|Sci-Fi,3.9384,1.0501,5336,0.3956,27.02,78,376,436,2944,1364
Animation|Children|Fantasy|IMAX,3.3399,0.9857,5494,-0.2029,9.56,131,929,1160,2763,394
Action|Comedy|Horror,3.5116,1.014,29206,-0.0312,12.44,681,3766,5043,16156,2951
Comedy|Crime|Drama|Mystery,3.7655,0.9994,1883,0.2227,18.96,24,181,212,1095,333
Action|Comedy|Thriller,3.173,1.0806,15674,-0.3698,11.24,533,3748,3206,6515,1229
Action|Comedy|Fantasy|Musical|Romance,3.7747,0.9928,15153,0.2318,18.56,227,1501,1702,8903,2586
Animation|Children|Comedy|Fantasy|Musical|Romance|IMAX,3.7274,0.9631,11869,0.1845,16.48,147,1113,1617,6989,1809
Romance|Sci-Fi|Thriller,3.5563,0.9319,8052,0.0135,10.95,96,1114,1293,4659,786
Crime|Drama|Film-Noir|Thriller,3.9196,0.8589,37577,0.3768,19.88,297,2237,4408,23187,7172
Action|Adventure|Animation|Children,3.5556,0.9556,16666,0.0128,12.12,265,2069,2842,9460,1755
Action|Drama|Horror|IMAX,3.2882,0.9954,9743,-0.2547,8.89,204,1899,1995,4750,662
Adventure|Animation|Comedy|Fantasy|Musical|Romance,3.4481,1.0896,11380,-0.0947,14.31,298,1695,1971,5736,1331
Adventure|Romance|Sci-Fi|IMAX,3.224,1.1399,6010,-0.3189,13.71,231,1301,1177,2501,593
Action|Adventure|Animation|Children|Comedy|Fantasy,3.592,1.06,11937,0.0492,15.28,301,1375,1601,6815,1523
Sci-Fi,3.5138,1.1077,68139,-0.029,17.4,2401,10310,11060,33612,9457
Comedy|Drama|Musical|Romance,3.5919,1.1326,19869,0.0491,21.04,519,2459,3229,9403,3662
Crime|Mystery,3.5455,0.995,3941,0.0027,14.29,65,504,767,2034,498
Animation|Drama|Fantasy,3.8343,1.0344,7105,0.2915,23.56,131,689,756,3881,1543
Animation|Comedy|Drama,3.6478,1.0748,1140,0.105,18.68,32,128,137,637,181
Animation|Children|Comedy|Fantasy,3.5518,1.0998,5938,0.009,16.81,131,785,925,3049,867
Action|Adventure|Comedy|Fantasy|Sci-Fi,3.4712,0.9052,4680,-0.0717,9.21,73,631,882,2678,358
Comedy|Crime|Drama|Mystery|Thriller,3.9096,0.871,15492,0.3668,18.67,150,1023,1651,9817,2742
Action|Adventure|Crime|Fantasy,3.448,0.9476,1672,-0.0949,8.19,36,237,277,994,101
Action|Adventure|Romance,3.3897,1.1252,9961,-0.1531,19.69,556,1446,2295,4115,1405
Adventure|Children|Drama,2.8528,1.171,35651,-0.6901,16.47,3564,8595,9925,9820,2306
Action|Crime|Drama|Mystery|Sci-Fi|Thriller,3.4226,0.9735,10271,-0.1202,14.47,332,1320,3104,4308,1154
Action|Thriller|Western,3.0762,0.9609,8673,-0.4666,9.86,452,1715,3113,2888,403
Action|Children|Romance,2.317,1.0842,4446,-1.2258,20.58,814,1513,1172,592,101
Action|Drama|Mystery,3.0715,0.939,4818,-0.4713,8.16,184,1035,1742,1581,209
Action|Crime|Drama|Sci-Fi|Thriller,3.1047,1.1362,25274,-0.4381,14.89,1804,5245,6001,9631,1960
Action|Adventure|Animation|Children|Fantasy,3.0429,1.1043,2983,-0.4999,14.28,221,688,766,1042,205
Adventure|Animation|Children|Fantasy|Musical,3.4201,1.0063,25853,-0.1227,14.68,856,3325,7150,11263,2940
Drama|Mystery|Western,3.989,0.9598,12491,0.4461,32.62,225,682,1844,5819,3850
Film-Noir|Mystery,4.1148,0.8687,15727,0.572,33.37,105,631,1668,8072,5143
Adventure,3.2066,1.0629,8421,-0.3363,12.26,419,1625,1897,3685,613
Action|Horror|Sci-Fi|Thriller,3.1237,1.1339,87981,-0.4191,13.85,4692,20161,20023,32968,7492
Action|Crime|Romance|Thriller,3.5211,1.0077,17658,-0.0217,15.72,461,2395,3812,8494,2315
Drama|Western,3.9123,0.9283,57296,0.3694,23.69,717,3834,7613,31805,12854
Comedy|Mystery|Thriller,3.9203,0.9119,12790,0.3774,25.22,150,800,1859,6831,3075
Action|Western,3.8336,0.9115,36896,0.2907,20.77,522,2546,6022,20432,7140
Fantasy|Horror|Romance|Thriller,3.4422,0.9935,12644,-0.1006,13.29,373,1744,3063,6014,1308
Action|Mystery|Sci-Fi,3.3176,1.0687,20448,-0.2252,13.54,790,3335,4836,9022,1979
Comedy|Horror|Mystery|Thriller,2.9908,1.1576,41889,-0.552,14.57,2904,10051,10245,13841,3201
Action|Romance|War|Western,3.7117,0.9493,14718,0.1689,19.06,261,1323,2992,7508,2544
Crime|Drama|Romance,3.721,0.9506,57421,0.1782,16.32,955,5404,9062,32977,8416
Children|Comedy|Mystery,2.8923,1.0938,2294,-0.6505,17.22,251,529,773,570,144
Action|Thriller|War,3.2594,0.9728,14829,-0.2834,9.86,460,2754,4191,6234,1002
Action|Crime|Drama|Mystery|Thriller,3.5647,0.885,38235,0.0218,10.41,463,4640,7500,21827,3516
Action|Horror|Thriller,3.1429,1.0664,39107,-0.3999,10.45,1566,8576,8757,16462,2520
Action|Drama|Romance|Sci-Fi,3.1934,1.086,10560,-0.3494,12.39,503,1937,2708,4301,805
Action|Adventure|Children|Drama,2.2758,1.0969,4595,-1.267,21.09,869,1792,861,701,100
Action|Comedy|Fantasy,2.9696,1.0948,12684,-0.5732,11.97,865,3225,3147,4428,653
Action|Mystery,3.5007,0.9447,15135,-0.0421,13.08,349,1963,3630,7470,1630
Adventure|Romance,2.8003,1.0678,4191,-0.7425,13.36,376,1245,1216,1071,184
Comedy|Horror|Thriller,3.3056,1.0714,39378,-0.2372,13.59,1908,5962,9030,18135,3442
Action|Crime|Sci-Fi|Thriller,2.5287,1.0246,6770,-1.0141,13.65,798,2578,1697,1332,126
Mystery|Romance|Thriller,3.7464,0.8967,7946,0.2035,18.26,110,619,1582,4259,1341
Action|Adventure|Comedy|Western,3.2716,0.9966,12910,-0.2712,9.21,375,2366,3047,6034,814
Action|Adventure|Animation|Children|Sci-Fi,3.2743,0.9985,7461,-0.2685,10.64,258,1283,1964,3288,536
Action|Adventure|War,3.341,1.072,3391,-0.2018,12.62,130,634,604,1657,298
Adventure|Western,3.7975,0.9304,10574,0.2547,20.24,156,796,1722,5821,1984
Drama|Horror|Mystery|Thriller,3.4254,1.0413,55472,-0.1175,12.25,1623,8607,9929,28952,5174
Action|Children|Comedy,2.2054,1.2056,3790,-1.3374,20.29,686,1247,605,695,83
Action|Children,2.0299,1.1891,3986,-1.513,31.49,1133,1088,765,418,122
Adventure|Comedy|Fantasy|Sci-Fi,3.393,1.033,15017,-0.1498,14.46,475,2555,3423,6678,1696
Children|Comedy|Drama,3.269,1.1151,18060,-0.2738,13.82,861,3334,3643,8111,1635
Adventure|Drama|Romance,3.1912,1.0928,19229,-0.3516,13.65,1031,4205,4318,7738,1594
Action|Comedy|Romance|War,3.3421,0.9449,5102,-0.2007,9.45,126,877,1190,2494,356
Horror|Mystery|Thriller,3.0839,1.1544,106682,-0.4589,12.28,5895,23728,21356,43863,7209
War,3.5806,0.9274,6239,0.0378,13.0,117,607,1304,3436,694
Drama|Film-Noir|Romance,4.0614,0.9464,11758,0.5185,33.45,170,589,1339,5797,3763
Drama|Mystery|Sci-Fi,3.8044,1.0842,10068,0.2616,26.21,218,1118,1219,4927,2421
Comedy|Romance|Sci-Fi,3.4101,1.1009,7838,-0.1328,13.88,292,1413,1185,3991,796
Comedy|Mystery,3.2059,1.1131,10244,-0.3369,13.8,545,1737,2658,4124,869
Fantasy|Sci-Fi,3.9419,1.0283,20731,0.3991,30.95,403,1774,2362,9982,6014
Horror|Mystery,3.5131,1.0921,36229,-0.0298,18.51,1289,4923,6770,17156,5416
Adventure|Animation|Children|Comedy|Crime|Fantasy|Mystery,3.5434,0.9497,26627,0.0006,13.79,590,3190,5875,13668,3083
Crime|Horror|Mystery|Thriller,3.4843,1.0436,38590,-0.0586,13.56,1304,5011,6501,21059,3930
Animation|Drama|Mystery|Sci-Fi|Thriller,3.6192,0.9187,6099,0.0764,11.07,81,706,904,3739,594
Drama|Horror|Musical|Thriller,3.4576,1.0442,9066,-0.0852,12.19,223,1413,1419,4921,882
Action|Comedy|Drama,3.1557,1.0163,10680,-0.3871,9.5,426,2371,2494,4570,589
Comedy|Documentary,3.5701,1.0821,26914,0.0273,15.89,678,2963,4107,14709,3598
Drama|Fantasy|Romance|Sci-Fi,3.8237,0.986,6603,0.2809,19.99,84,662,686,3844,1236
Documentary|Mystery,3.5103,1.0159,1607,-0.0326,12.51,30,177,294,888,171
Action|Animation|Children|Comedy|Sci-Fi|IMAX,3.5636,0.982,8352,0.0208,12.5,128,1032,1355,4751,916
Action|Comedy|Crime|Fantasy|Thriller|IMAX,2.7027,1.0147,2484,-0.8401,7.45,140,935,555,698,45
Action|Animation|Mystery|IMAX,3.4632,0.9554,4257,-0.0796,9.51,83,591,755,2434,322
Children|Comedy|Musical,3.5063,1.0058,9344,-0.0366,14.3,255,1098,1990,4763,1081
Animation|Comedy|Romance,4.0769,0.8987,3919,0.5341,28.55,28,194,301,2254,1091
Adventure|Crime|Drama,3.6055,0.9107,19880,0.0627,12.88,322,2158,3846,11161,2238
Action|Drama|Sci-Fi,3.4974,1.0094,37489,-0.0454,13.88,926,5099,7492,19113,4278
Action|Crime|Sci-Fi|IMAX,2.8829,0.993,2587,-0.6599,6.61,100,783,669,861,71
Comedy|Drama|Mystery,3.5692,0.9769,10256,0.0264,13.26,225,1296,1703,5762,1135
Comedy|Crime|Drama|Mystery|Romance,3.6587,0.955,3617,0.1159,13.16,63,400,469,2224,413
Action|Comedy|Sci-Fi|Thriller,3.2358,0.9654,1389,-0.307,8.64,34,281,352,610,86
Adventure|Drama|Fantasy,3.4093,1.0657,14965,-0.1336,13.06,510,2453,2512,7739,1444
Adventure|Mystery|Sci-Fi|Thriller,3.5906,0.9468,5172,0.0478,11.58,80,683,783,3049,519
Action|Crime|Fantasy,2.274,1.2463,4982,-1.2688,14.65,605,1674,738,1078,125
Action|Comedy|Crime|Horror,3.5905,0.8657,3479,0.0477,9.83,40,399,567,2144,302
Action|Adventure|Children|Sci-Fi,3.2904,0.9685,3742,-0.2525,7.99,78,710,782,1873,221
Comedy|Drama|Western,3.6306,0.8966,2882,0.0878,10.93,31,335,429,1775,284
Crime|Drama|Film-Noir,3.8486,0.9165,26234,0.3058,21.38,345,1831,3983,14613,5264
Drama|Fantasy|Horror,3.4871,1.0453,7885,-0.0557,14.56,239,1122,1611,3879,909
Musical,3.2974,1.1531,11999,-0.2454,17.1,546,1954,2912,4691,1506
Comedy|Horror|Sci-Fi,3.2178,1.0981,19237,-0.3251,12.72,953,3708,3925,8634,1493
Action|Adventure|Drama|Thriller|Western,3.8742,0.8449,4885,0.3314,18.49,40,274,684,2989,863
Comedy|Drama|Musical,3.4774,1.057,24755,-0.0654,15.5,782,3584,4708,12185,3054
Action|Fantasy|Horror|Mystery|Sci-Fi|Thriller,3.3401,1.0006,1723,-0.2027,8.13,42,303,315,924,98
Drama|Fantasy|Mystery,3.3996,1.1999,5351,-0.1433,20.39,216,1011,862,2232,875
Drama|Mystery|Romance,3.597,1.0786,14038,0.0542,20.29,433,1908,2616,6496,2415
Animation|Sci-Fi,3.8368,0.9789,17749,0.294,22.21,264,1435,2430,9712,3678
Film-Noir|Mystery|Thriller,4.0798,0.8823,11698,0.537,31.16,82,536,1247,6177,3563
Crime|Horror,4.0226,0.9024,30170,0.4798,28.54,309,1526,3505,16282,8301
Crime|Film-Noir,3.6967,0.9063,11708,0.1538,15.9,206,938,2493,6355,1655
Animation|Drama|War,4.0693,0.9291,7441,0.5265,27.79,56,385,510,4355,2012
Action|Adventure|Animation|Children|Fantasy|Sci-Fi,4.0762,0.8049,7810,0.5334,22.33,46,246,577,5171,1698
Adventure|Animation|Children|Drama|Fantasy,3.8885,0.896,11018,0.3456,20.4,135,667,1421,6585,2113
Crime|Drama|Film-Noir|Mystery,3.7431,0.9353,4035,0.2003,14.75,60,398,495,2499,535
Animation|Mystery|Sci-Fi,3.9277,0.8629,3998,0.3849,18.58,27,267,392,2563,716
Animation|Comedy|Drama|Romance|Sci-Fi,3.9152,0.8835,2831,0.3724,18.19,19,154,270,1847,496
Animation|Drama|Romance,3.8966,0.9094,8761,0.3538,19.96,74,642,902,5367,1675
Animation|Romance,3.7612,1.0094,1313,0.2184,18.28,21,120,142,782,219
Animation|Drama|Fantasy|Romance,4.0983,0.8926,4638,0.5555,28.96,32,233,348,2662,1311
Adventure|Animation|Drama,4.0015,0.9197,4016,0.4587,24.05,45,211,318,2466,921
Documentary|Musical,3.7241,1.0311,15538,0.1813,21.61,434,1288,2568,8091,2923
Adventure|Animation|Children|Comedy|Sci-Fi,3.8769,1.0206,11786,0.3341,25.75,194,820,1380,6311,2841
Horror|Mystery|Sci-Fi|Thriller,3.4413,1.0145,18444,-0.1015,11.59,485,2885,3194,9899,1653
Romance|Thriller,3.1303,1.068,6076,-0.4126,10.62,288,1211,1574,2454,357
Crime|Drama|Film-Noir|Mystery|Thriller,3.851,1.0374,17214,0.3082,24.21,346,1557,1816,9404,3822
Comedy|Drama|Fantasy|Sci-Fi,2.8592,1.0252,2007,-0.6836,8.67,108,626,517,620,66
Crime|Drama|Mystery|Romance|Thriller,3.5639,0.9518,23027,0.0211,11.36,449,2934,4071,13175,2168
Romance|Sci-Fi,3.5245,1.0801,3789,-0.0183,15.65,103,556,605,1953,490
Adventure|Drama|Sci-Fi|Thriller,3.6417,0.8762,6664,0.0988,10.25,70,735,966,4222,613
Adventure|Drama|Fantasy|Mystery|Sci-Fi,3.9119,0.9974,10445,0.3691,27.75,219,755,1367,5333,2679
Animation|Comedy|Fantasy,3.4095,1.1619,8793,-0.1333,15.52,390,1493,1248,4434,975
Action|Drama|Thriller|War,3.6781,0.9253,32336,0.1353,12.53,401,3262,4491,20089,3650
Action|Crime|Horror|Mystery|Thriller,3.1273,1.0286,1049,-0.4156,8.39,34,241,236,450,54
Action|Comedy|Horror|Sci-Fi,2.593,1.161,4731,-0.9498,11.18,380,1585,966,1234,149
Adventure|Animation|Fantasy|Romance,4.1157,0.8805,16598,0.5729,28.66,145,636,1088,9904,4612
Action|Adventure|Children|Fantasy,2.7974,1.1682,7053,-0.7454,12.09,529,2002,1506,2242,324
Adventure|Comedy|Romance,3.2319,1.1241,19250,-0.3109,16.3,979,4035,4625,7094,2159
Animation|Children|Comedy|Musical,3.5073,1.0393,17485,-0.0355,16.07,477,2192,3733,8420,2333
Adventure|Animation|Fantasy|IMAX,3.1901,1.0593,1386,-0.3527,9.45,46,290,292,626,85
Action|Sci-Fi|War,2.8372,1.0722,4970,-0.7056,12.23,405,1470,1274,1473,203
Action|Adventure|Sci-Fi|War|IMAX,2.6838,1.2418,4070,-0.859,14.18,367,1204,740,1196,210
Comedy|Horror|Romance,2.9682,1.1002,5809,-0.5746,12.96,449,1355,1513,2023,304
Fantasy|Horror|Mystery,3.315,1.0172,3173,-0.2278,15.22,146,449,1041,1173,337
Adventure|Children|Comedy|Fantasy|Romance,2.627,1.0883,1897,-0.9158,19.5,290,499,666,322,80
Action|Crime|Horror,3.0562,1.159,3228,-0.4866,16.6,256,635,926,1037,280
Children,2.8074,1.248,3660,-0.7354,18.61,423,864,857,1050,258
Action|Fantasy,2.5668,1.1863,6164,-0.9761,19.5,952,1661,1563,1397,250
Comedy|Drama|Romance|Thriller,3.3106,1.0631,2561,-0.2322,13.43,109,478,512,1189,235
Comedy|Crime|Horror,3.0698,1.0847,6678,-0.473,16.31,558,1209,2312,1985,531
Action|Adventure|Children|Comedy|Fantasy|Sci-Fi,2.2126,1.1377,8005,-1.3303,23.42,1700,2620,1682,1169,175
Fantasy|Horror,2.9492,1.1364,8590,-0.5936,13.24,662,2094,1952,3075,475
Adventure|Animation|Children|Fantasy|Musical|Romance,2.7607,1.1828,2699,-0.7822,21.45,365,577,956,492,214
Adventure|Fantasy|Musical,3.6387,0.9977,11369,0.0958,18.59,242,1340,2127,5691,1871
Children|Drama|Fantasy|Romance,3.9651,1.019,21734,0.4223,32.39,326,1630,2796,10012,6713
Animation|Children|Drama|Musical,3.4411,1.0168,11692,-0.1017,15.13,314,1578,3013,5144,1455
Comedy|Musical|War,4.0629,0.9603,6750,0.5201,35.05,101,356,778,3188,2265
Animation|Children|Fantasy|War,2.8447,1.0101,5111,-0.6981,10.66,382,1540,1437,1492,163
Action|Adventure|Children|Comedy|Fantasy,3.4131,1.1308,20980,-0.1298,17.8,969,3450,3782,9590,2766
Animation|Children|Musical,3.5167,1.0511,16911,-0.0261,18.46,513,2101,3940,7470,2609
Animation|Musical,3.4395,1.0227,10211,-0.1033,14.59,288,1520,2409,4647,1202
Drama|Horror|Sci-Fi|Thriller,3.3203,1.027,18542,-0.2225,11.03,628,3157,4161,8809,1418
Action|Adventure|Children|Comedy,2.5837,1.1741,17002,-0.9591,15.4,1998,5426,3646,4185,621
Animation|Horror|Mystery|Thriller,3.9806,0.8904,2918,0.4378,22.58,36,180,258,1801,623
Animation|Fantasy|Horror|Sci-Fi,3.6297,0.9848,2251,0.0869,14.62,48,246,314,1322,281
Adventure|Children|Comedy|Mystery,3.492,0.9476,5137,-0.0508,9.85,90,677,926,2935,416
Fantasy|Horror|Sci-Fi|Thriller,3.5826,0.9538,4878,0.0398,13.08,77,618,762,2795,561
Animation|Fantasy|Thriller,3.7468,0.9201,10847,0.204,14.47,127,900,1397,6826,1443
Adventure|Animation|Comedy|Fantasy|Romance,3.9235,0.8326,4233,0.3806,17.25,18,257,431,2776,712
Action|Animation|Drama|Fantasy|Sci-Fi,4.0397,1.0246,1787,0.4969,31.51,26,102,122,960,537
Adventure|Animation|Children|Comedy|Fantasy|Sci-Fi|IMAX,3.1525,0.9874,4438,-0.3903,7.84,150,976,1051,1961,198
Action|Crime|Drama|Thriller|War,3.7714,0.853,13185,0.2286,12.64,111,1071,1674,8662,1556
Action|Adventure|Animation|Children|Comedy|Sci-Fi,3.0593,1.1059,6109,-0.4836,10.28,246,1539,1283,2401,382
Animation|Children|Fantasy|Mystery,3.2434,0.9685,2806,-0.2994,7.66,60,548,640,1334,155
Adventure|Animation|Children|Comedy|IMAX,2.9542,1.0918,9821,-0.5886,9.14,447,2599,2238,3614,451
Action|Children|Sci-Fi|IMAX,3.0357,1.1307,1189,-0.5071,10.85,51,321,245,449,78
Action|Comedy|Drama|Thriller,3.4811,0.9468,1961,-0.0617,10.25,34,295,334,1103,167
Drama|Fantasy|Horror|Romance|Thriller,2.3375,1.3816,4170,-1.2053,17.65,454,1294,560,823,282
Fantasy|Romance|Thriller|IMAX,2.3715,1.4097,4184,-1.1713,17.83,449,1190,565,897,297
Action|Fantasy|Thriller|IMAX,2.9049,1.1784,3517,-0.6379,11.37,214,1046,587,1298,186
Fantasy|Horror|Thriller,3.3958,1.0832,18635,-0.147,14.3,576,3167,3406,8943,2088
Drama|Film-Noir|Thriller,3.7367,0.9025,9344,0.1939,14.4,109,850,1284,5773,1237
Adventure|Drama|Fantasy|Romance|IMAX,2.5495,1.4644,2413,-0.9933,18.98,229,620,315,603,229
Drama|Musical|Romance|IMAX,3.5289,1.0815,3527,-0.0139,15.06,94,529,495,1891,437
Adventure|Children|Comedy|Drama,3.0944,1.0683,3172,-0.4484,13.08,206,644,893,1152,209
Film-Noir|Romance|Thriller,4.1495,0.7964,6186,0.6066,31.38,33,181,600,3437,1908
Crime|Mystery|Romance|Thriller,3.917,0.8193,6348,0.3742,21.08,40,317,985,3688,1298
Crime|Film-Noir|Thriller,4.0785,0.882,14986,0.5357,30.47,138,607,1538,8148,4428
Drama|Film-Noir,3.7931,0.879,6294,0.2503,16.32,68,415,931,3855,959
Drama|Film-Noir|Mystery|Romance,3.9112,0.8312,2128,0.3684,18.84,14,114,284,1316,387
Film-Noir,3.8266,0.929,4013,0.2837,19.39,62,274,570,2346,716
Action|Animation|Comedy|Crime|Drama|Romance|Thriller,2.8732,0.9823,1825,-0.6697,7.78,94,522,548,556,48
Drama|Film-Noir|Mystery,3.6797,0.8169,1458,0.1369,8.92,14,124,218,976,116
Action|Crime|Drama|Western,3.723,0.809,8923,0.1801,8.65,68,702,1133,6235,704
Adventure|Drama|Thriller|IMAX,3.7891,0.7752,7623,0.2462,10.94,48,491,967,5294,786
Comedy|Fantasy|Musical,2.7216,1.1807,2216,-0.8212,21.93,326,595,620,460,160
Documentary|Drama,3.6307,0.9925,13206,0.0879,13.91,256,1173,2066,7807,1581
Action|Comedy|Western,3.2399,0.986,9200,-0.3029,10.86,358,1619,2735,3728,641
Adventure|Animation|Comedy|Crime,2.9284,1.2284,10894,-0.6144,16.89,1070,1996,2807,3599,770
Action|Comedy|Fantasy|Horror,3.7501,1.0733,10979,0.2072,24.67,340,979,1592,5531,2368
Mystery|Romance|Sci-Fi|Thriller,3.3921,1.0657,14317,-0.1507,12.79,482,2312,2505,7340,1349
Adventure|War,3.1847,1.0165,1500,-0.3582,9.0,54,311,347,670,81
Documentary|War,3.8588,0.9788,10900,0.3159,18.89,133,700,1074,6807,1926
Adventure|Documentary,3.8857,0.9051,4411,0.3429,18.11,91,227,467,2873,708
Crime|Thriller|War,4.075,0.8426,10773,0.5322,30.61,60,454,1276,5694,3238
Adventure|Fantasy|Romance,3.3941,1.0139,10130,-0.1487,13.46,283,1597,2487,4535,1080
Action|Crime|Drama|Thriller|IMAX,3.437,1.143,4153,-0.1058,16.16,128,591,696,2031,543
Action|Crime|Thriller|IMAX,3.1066,1.1366,7601,-0.4363,12.0,339,1735,1537,3089,573
Action|Adventure|Children,2.9259,1.3022,6987,-0.617,16.23,646,1413,1098,2783,488
Horror|Mystery|Sci-Fi,3.1894,1.0428,6068,-0.3534,11.14,235,1191,1643,2416,441
Crime|Drama|Horror|Thriller,3.2054,1.0082,3876,-0.3375,8.2,110,761,875,1805,208
Action|Adventure|Animation|Fantasy|IMAX,2.8658,1.0162,3514,-0.677,6.89,165,1148,782,1219,77
Crime|Drama|War,3.8851,0.7087,1515,0.3423,9.04,5,73,137,1160,132
Adventure|Drama|Fantasy|Romance,3.0119,1.3416,8290,-0.5309,19.19,628,1764,1483,2811,963
Children|Comedy|Romance,3.137,1.1669,22457,-0.4058,15.03,1239,4836,4890,8539,2136
Comedy|Crime|Mystery|Romance,3.458,1.0552,1225,-0.0849,12.41,25,220,178,649,127
Drama|Sci-Fi|Thriller|IMAX,2.8053,1.0042,2838,-0.7375,7.93,144,1046,648,836,81
Animation|Sci-Fi|IMAX,3.0699,1.0045,3474,-0.4729,7.05,103,852,847,1418,142
Action|Adventure|Animation|Children|Comedy|Romance,3.27,1.0815,4293,-0.2728,12.21,139,798,861,1958,385
Adventure|Children|Fantasy|Sci-Fi,2.3171,1.1401,1476,-1.2257,18.02,225,558,279,252,41
Comedy|Crime|Drama|Romance,3.5177,1.0029,6565,-0.0252,12.57,139,998,1024,3613,686
Action|Adventure|Drama|Romance|War,3.1725,0.9575,3968,-0.3703,7.11,101,923,969,1723,181
Romance,3.2594,1.1338,23430,-0.2834,16.3,1293,4319,5180,9565,2525
Adventure|Drama|Romance|Sci-Fi,3.4726,0.9281,10671,-0.0702,10.89,207,1497,2423,5499,955
Action|Fantasy|Horror,3.3552,1.0489,15480,-0.1876,11.93,446,2759,2867,7646,1400
Adventure|Animation|Comedy|Fantasy|Musical,3.5751,1.0731,5380,0.0323,20.11,171,674,1045,2501,911
Action|Animation|Sci-Fi,3.6043,1.0884,4990,0.0615,18.0,97,598,717,2622,801
Action|Adventure|Sci-Fi|Western,3.953,1.0502,1042,0.4102,29.37,20,102,85,537,286
Comedy|Fantasy|Horror,3.2992,1.1817,8960,-0.2436,18.94,595,1575,1684,3793,1102
Action|Crime|Thriller|Western,3.6024,0.8729,5279,0.0596,11.9,84,491,1115,3012,544
Action|Comedy|Crime|Drama|Horror|Thriller,3.472,1.0439,1574,-0.0708,12.26,37,245,231,867,156
Action|Drama|Horror,3.7662,0.9718,4822,0.2234,17.77,70,401,606,2874,787
Horror|Western,3.2372,1.0745,4871,-0.3056,13.02,266,853,1122,2163,368
Adventure|Comedy|Mystery|Romance,2.7047,1.1716,4001,-0.8381,13.77,391,1204,847,1154,160
Comedy|Musical|Sci-Fi,2.7803,1.0646,2057,-0.7626,12.59,172,680,519,548,87
Drama|Romance|Western,3.5746,1.0114,7228,0.0318,18.62,211,839,1692,3295,1135
Crime|Drama|Western,3.739,0.8853,9948,0.1962,14.16,99,892,1514,6049,1310
Action|Crime|Mystery,3.7597,0.9174,2453,0.2169,15.37,21,189,341,1506,356
Crime|Drama|Fantasy|Film-Noir|Mystery|Romance,3.7437,1.0445,6080,0.2008,22.43,207,586,879,3203,1157
Fantasy,3.5286,1.0206,14535,-0.0142,14.39,294,2187,2308,7698,1797
Mystery,3.7472,1.0129,5179,0.2043,18.09,103,499,620,3027,834
Adventure|Film-Noir|Sci-Fi|Thriller,3.7983,0.9006,15086,0.2554,17.96,246,1226,2257,8845,2464
Action|Sci-Fi|Thriller|Western,3.419,0.9122,5196,-0.1238,11.45,128,660,1574,2342,467
Action|Drama|Thriller|Western,3.8779,0.882,7738,0.3351,16.89,82,535,803,5019,1225
Adventure|Animation|Children|Drama|Musical,3.504,1.0265,6166,-0.0388,16.93,187,903,1339,2825,857
Children|Comedy|Fantasy|Horror,2.9542,1.1427,5090,-0.5886,13.58,346,1423,1120,1679,345
Action|Adventure|Children|Fantasy|Mystery|Thriller,3.3707,0.8663,2928,-0.1721,8.57,51,412,964,1290,200
Drama|Fantasy|Horror|Thriller|War,3.7239,0.8483,2079,0.1811,10.97,30,146,262,1422,198
Comedy|Crime|Musical|Mystery,3.4421,1.0109,1080,-0.1007,10.56,32,150,188,605,82
Adventure|Comedy|Drama|Fantasy|Mystery|Sci-Fi|Thriller,3.9232,0.9207,1283,0.3804,21.75,8,91,140,757,271
Drama|Fantasy|Musical|Romance,3.6384,1.0575,4004,0.0955,16.96,71,545,497,2198,608
Drama|Fantasy|Horror|Romance,3.8985,0.9308,7972,0.3557,18.59,86,551,722,5090,1396
Adventure|Animation|Comedy|Sci-Fi,3.5273,1.0886,1374,-0.0155,14.56,26,182,189,754,174
Action|Adventure|Children|IMAX,3.3423,1.0376,5374,-0.2005,11.33,148,969,1027,2638,461
Action|Adventure|Animation,3.6243,1.0252,12982,0.0815,15.91,233,1380,1911,7304,1832
Adventure|Animation|Romance,3.4907,1.0748,1297,-0.0521,14.8,32,172,211,682,160
Children|Fantasy,3.2154,1.0662,4690,-0.3275,10.3,158,945,971,2138,325
Adventure|Animation,3.1972,1.1953,1562,-0.3456,14.4,67,253,318,671,158
Children|Comedy|Fantasy|Sci-Fi,3.2378,0.9554,2376,-0.305,7.95,53,481,553,1109,136
Mystery|Sci-Fi|Thriller|IMAX,3.4689,0.8554,6734,-0.0739,7.07,92,937,1304,3966,384
Adventure|Comedy|Romance|War,4.0294,0.8906,13208,0.4866,30.63,115,645,1728,6713,3931
Action|Drama|Mystery|Romance|Thriller,3.9972,0.9153,2813,0.4543,31.89,38,135,482,1289,859
Children|Sci-Fi,2.8464,1.0268,3780,-0.6964,13.84,355,1018,1258,940,168
Children|Comedy|Sci-Fi,2.3387,1.0826,7354,-1.2042,18.43,1187,2785,1711,1073,168
Adventure|Fantasy|Sci-Fi,3.362,1.0858,1185,-0.1808,16.62,51,192,279,496,146
Adventure|Fantasy|Romance|Sci-Fi|Thriller,2.8126,1.042,3496,-0.7302,12.47,292,997,1114,871,144
Action|Adventure|Comedy|Fantasy|Mystery,2.9046,0.9875,4614,-0.6382,10.12,317,1245,1467,1365,150
Adventure|Sci-Fi|Thriller,3.2428,1.1302,13099,-0.3,15.21,665,2643,2571,5558,1328
Drama|Romance|Sci-Fi|Thriller,3.8378,0.848,3369,0.295,14.57,43,229,387,2242,448
Comedy|Horror|Sci-Fi|Thriller,3.4951,1.0939,13127,-0.0477,14.94,354,1979,1907,6928,1607
Adventure|Romance|Thriller,2.5327,1.1446,3320,-1.0101,10.72,291,1190,630,858,65
Children|Drama|Fantasy|Mystery,3.85,0.9322,4363,0.3072,26.93,73,258,1017,1905,1102
Children|Comedy|Western,2.8544,1.0245,2878,-0.6884,15.11,313,639,1105,680,122
Crime|Film-Noir|Mystery,4.1101,0.8355,10460,0.5673,31.35,64,341,1151,5623,3215
Children|Fantasy|Musical,3.1496,1.0587,1741,-0.3932,14.7,117,329,539,601,139
Fantasy|Horror|Mystery|Thriller,3.1903,1.027,7024,-0.3525,10.39,306,1518,1570,3092,424
Comedy|Fantasy|Horror|Thriller,3.0389,0.931,6286,-0.5039,5.74,192,1723,1561,2518,169
Adventure|Children|Comedy|Fantasy|Musical,3.1197,1.0677,2427,-0.4231,10.01,104,591,499,1025,139
Drama|Fantasy|Sci-Fi,3.3607,1.0411,4455,-0.1821,10.86,109,851,763,2251,375
Action|Adventure|Animation|Comedy|Crime|Mystery,3.8921,0.8257,1678,0.3493,16.15,8,94,167,1129,263
Comedy|Crime|Mystery|Romance|Thriller,4.0298,0.8105,5313,0.487,25.3,30,187,703,3054,1314
Animation|Comedy|Fantasy|Musical,3.7658,1.016,2577,0.223,19.64,45,226,320,1474,461
Adventure|Comedy|Horror,3.081,1.0382,1902,-0.4619,9.46,74,422,507,726,106
Action|Animation|Sci-Fi|Thriller,3.8547,0.9708,4959,0.3119,19.4,66,335,514,3049,896
Action|Animation|Drama|Sci-Fi|Thriller,3.8084,0.924,2184,0.2656,17.58,22,162,295,1311,362
Animation|Children|Fantasy,3.5456,1.1299,8401,0.0028,17.71,261,1067,1210,4366,1227
Comedy|Crime|Drama|Romance|Thriller,3.466,0.988,14942,-0.0768,14.25,410,2047,3563,7045,1719
Adventure|Comedy|Drama|Fantasy|Romance,2.8898,1.139,7798,-0.653,9.96,438,2201,1568,2818,339
Comedy|Fantasy|Mystery,3.2657,0.9391,1667,-0.2771,6.24,37,315,352,859,67
Children|Drama|Mystery,3.517,0.9303,6109,-0.0258,9.67,96,847,1023,3570,495
Adventure|Drama|Mystery|Sci-Fi|Thriller,3.1945,0.9654,2044,-0.3483,7.24,49,468,444,947,99
Adventure|Drama|Romance|War,3.5938,0.9528,1056,0.0509,18.18,22,103,304,452,170
Horror|Romance,3.2474,1.0775,2728,-0.2954,12.57,102,496,679,1134,241
Crime|Romance|Thriller,3.3428,0.9459,2964,-0.2,9.55,79,494,764,1386,204
Adventure|Animation|Children|Musical,3.2186,1.0391,5451,-0.3242,14.27,262,964,1772,1867,516
Action|Adventure|Drama|Western,3.8126,0.9936,9361,0.2698,24.26,122,930,1425,4636,2149
Action|Animation|Children|Crime,3.4961,0.9396,2409,-0.0468,12.91,58,268,635,1175,253
Adventure|Animation|Children|Crime|Drama,3.4543,0.908,3872,-0.0885,11.36,86,459,1084,1859,354
Animation|Children|Comedy|Drama|Fantasy,3.0726,1.0578,3293,-0.4702,12.33,200,734,944,1148,206
Adventure|Animation|Children|Musical|Western,3.0568,1.0031,2685,-0.486,10.88,155,601,847,910,137
Adventure|Drama|Mystery|Thriller,3.8419,0.7951,2999,0.2991,16.01,21,159,479,1871,459
Action|Comedy|Romance|Thriller,2.7757,1.0796,3551,-0.7671,15.71,416,993,1026,912,142
Musical|Romance|War,3.5327,1.0232,2261,-0.0101,18.97,65,281,587,946,364
Adventure|Animation|Children|Fantasy|Sci-Fi,2.3583,1.3354,2209,-1.1845,27.7,488,528,375,453,124
Animation|Children|Musical|IMAX,3.5018,1.0839,5230,-0.041,18.83,215,651,1084,2424,770
Children|Musical,3.2193,1.1198,4661,-0.3236,15.79,262,861,1147,1815,474
Action|Crime|Mystery|Romance|Thriller,3.5365,0.8293,1575,-0.0063,9.78,17,176,432,811,137
Action|Adventure|Fantasy|Romance,3.2755,0.9451,2158,-0.2673,7.69,48,414,539,1010,118
Adventure|Animation|Children|Sci-Fi|IMAX,3.5387,0.9574,3681,-0.0041,12.61,53,527,641,2003,411
Documentary|IMAX,3.6604,1.0485,3746,0.1176,20.66,110,298,748,1849,664
Mystery|Sci-Fi,3.5725,0.8981,2760,0.0296,9.89,36,356,456,1650,237
Comedy|Musical|Romance|Western,3.5069,1.0964,1155,-0.0359,15.06,23,155,188,596,151
Action|Drama|Romance|Western,3.7912,0.8416,1403,0.2483,12.47,4,116,195,906,171
Adventure|Drama|Romance|Thriller|War,3.996,0.7771,1241,0.4532,18.94,9,50,108,843,226
Fantasy|Musical|Romance,2.8666,1.1746,1087,-0.6762,12.24,78,322,197,380,55
Children|Comedy|Musical|Romance,3.6545,1.0153,1304,0.1117,15.49,20,156,184,736,182
Adventure|Comedy|Thriller,3.3116,1.1005,2641,-0.2312,13.97,103,494,496,1212,266
Drama|Fantasy|Horror|Mystery|Thriller,3.1073,0.9734,3971,-0.4355,8.01,139,969,985,1627,179
Drama|Fantasy|Mystery|Thriller,3.1249,1.0157,1453,-0.4179,8.19,47,363,320,612,72
Action|Drama|Horror|Sci-Fi|Thriller,3.1509,0.9381,2919,-0.3919,6.06,57,668,754,1248,120
Sci-Fi|Thriller|IMAX,3.5092,0.8322,4291,-0.0336,7.99,37,542,857,2519,306
Crime|Sci-Fi|Thriller,3.433,0.9801,8095,-0.1098,11.17,161,1394,1543,4143,743
Crime|Documentary,3.6912,0.9734,3185,0.1484,14.32,33,269,473,1907,423
Crime|Drama|Fantasy|Thriller,3.4947,0.9288,4643,-0.0481,12.36,106,560,1197,2289,468
Action|Fantasy|Horror|Mystery|Thriller,2.6931,1.0274,6663,-0.8497,12.52,656,2260,1869,1556,178
Horror|Romance|Thriller,3.3001,1.0821,1158,-0.2427,12.26,42,237,204,549,100
Action|Adventure|Animation|Children|Comedy|Western,3.3762,0.9914,5707,-0.1666,9.23,132,939,1076,3040,395
Comedy|Horror|IMAX,2.8826,1.0289,2478,-0.6603,8.35,125,749,603,834,82
Action|Adventure|Western|IMAX,2.9326,1.0755,2300,-0.6102,9.26,114,649,506,838,99
Action|Comedy|IMAX,2.9855,1.0279,3405,-0.5574,8.6,145,975,805,1226,148
Action|Adventure|Animation|Fantasy|Sci-Fi,3.2848,1.1219,4049,-0.2581,12.72,128,804,744,1844,387
Adventure|Comedy|Crime|Romance,3.715,0.8899,6609,0.1722,15.86,95,596,1167,3772,953
Adventure|Drama|Horror|Thriller,3.5254,0.9704,4521,-0.0174,10.73,77,598,733,2624,408
Action|Adventure|Thriller|War,2.518,1.1281,4998,-1.0248,18.15,726,1727,1129,1009,181
Adventure|Animation|Children|Western,3.2225,1.1565,1737,-0.3203,16.41,95,345,367,683,190
Action|Crime|Fantasy|Sci-Fi|Thriller,3.0725,0.8416,1814,-0.4703,3.86,39,448,521,752,31
Drama|Mystery|Romance|War,3.7849,0.826,2548,0.2421,11.34,19,201,293,1744,270
Children|Comedy|Crime|Drama|Fantasy,3.5589,0.8833,1239,0.0161,8.07,16,158,207,762,84
Action|Adventure|Crime|Drama,2.3992,1.1001,2451,-1.1436,11.63,243,991,457,503,42
Adventure|Children|Drama|Fantasy,3.601,1.0163,1396,0.0582,14.68,26,184,210,771,179
Comedy|Drama|Horror|Sci-Fi|Thriller,3.5044,0.8794,2506,-0.0384,7.18,31,344,380,1570,149
Comedy|Drama|Romance|Sci-Fi,3.484,0.9795,1253,-0.0588,10.06,20,185,211,708,106
Animation|Drama,3.8213,0.9187,8328,0.2785,15.36,99,569,855,5481,1180
Action|Adventure|Fantasy|Romance|IMAX,3.1127,1.0638,4358,-0.4302,9.75,160,1095,925,1782,265
Action|Adventure|Drama|Thriller|War,2.9426,0.9966,1149,-0.6003,6.44,44,344,278,417,30
Adventure|Animation|Comedy|Fantasy|IMAX,3.138,1.024,2682,-0.4049,8.54,84,633,588,1157,145
Action|Drama|Fantasy,3.0349,1.0788,3520,-0.5079,9.15,131,936,768,1358,191
Action|Fantasy|Horror|IMAX,3.1348,1.118,4087,-0.408,12.45,163,963,872,1587,346
Animation|Fantasy|Musical|IMAX,3.0934,1.0965,1718,-0.4494,11.76,82,421,373,672,120
Action|Comedy|Horror|Sci-Fi|Thriller,3.7728,0.8469,3011,0.23,12.49,32,214,364,2027,344
Drama|Mystery|Romance|Sci-Fi|Thriller,3.548,1.0718,1437,0.0052,19.49,51,186,300,654,229
Comedy|Drama|Mystery|Romance,3.6458,0.9321,1310,0.103,16.72,29,115,293,676,190
Adventure|Animation|Children|Comedy|Fantasy|Musical|Romance,3.4727,0.9933,5535,-0.0701,10.95,109,779,940,3085,497
Action|Animation,3.1364,1.1655,1928,-0.4064,12.4,65,382,422,766,174
Romance|Western,3.4529,0.9758,2125,-0.0899,11.81,48,248,544,1040,203
Action|Crime|Drama|Horror|Thriller,3.586,0.8576,2466,0.0431,10.46,32,260,521,1413,226
Drama|Horror|Mystery|Sci-Fi|Thriller,2.9791,1.0401,4256,-0.5637,8.27,175,1259,922,1578,177
Crime|Drama|Fantasy|Horror|Thriller,3.1914,1.0209,1693,-0.3514,9.16,45,387,380,728,110
Action|Children|Drama,3.0125,1.0738,2843,-0.5303,8.65,130,722,602,1156,116
Action|Drama|War|IMAX,2.944,1.0881,2418,-0.5989,9.06,98,715,522,853,121
Drama|Mystery|War,3.9484,0.9287,2519,0.4056,19.41,21,190,182,1620,468
Adventure|Drama|War|Western,3.1625,1.0467,1705,-0.3804,8.91,55,421,304,783,97
Children|Comedy|Fantasy|Romance,2.7256,1.0742,3621,-0.8172,13.62,351,1034,1137,816,142
Children|Comedy|Drama|Musical|Romance,2.6358,1.3561,1874,-0.907,15.31,153,510,300,531,134
Adventure|Animation|Comedy|Fantasy,3.0787,1.2802,1143,-0.4641,15.05,61,221,199,458,111
Action|Animation|Children|Comedy,2.7574,1.2561,1111,-0.7854,13.23,88,245,255,348,59
Comedy|Drama|Film-Noir,4.0034,0.8776,3357,0.4606,26.69,37,155,428,1860,859
Animation|Documentary|Drama|War,3.8786,0.9109,2039,0.3358,16.48,22,128,193,1348,314
Drama|Horror|Romance,3.576,1.0399,2309,0.0332,14.16,38,310,335,1279,289
Documentary|Sci-Fi,3.6794,1.0003,1037,0.1365,14.27,17,77,137,645,131
Comedy|Sci-Fi|Thriller,3.2767,0.9534,1187,-0.2661,9.01,24,238,317,509,83
Action|Drama|Thriller|IMAX,3.2417,0.9857,3722,-0.3011,9.86,83,815,860,1615,284
Adventure|Thriller,3.1867,0.9573,2169,-0.3561,8.16,82,430,557,974,95
Animation|Comedy|Horror|IMAX,3.2752,0.9911,1301,-0.2676,9.99,38,250,278,618,92
Action|Children|Crime|Fantasy|Mystery,3.2662,0.9519,1681,-0.2766,8.03,41,335,366,819,94
Children|Drama|War,3.7163,0.9193,1593,0.1734,14.31,16,160,222,965,212
Fantasy|Romance,3.3708,1.0827,3522,-0.172,13.88,104,630,666,1646,385
Children|Drama|Fantasy|Mystery|Thriller,3.3852,0.9465,1524,-0.1576,12.73,47,200,484,638,147
Comedy|Fantasy|Thriller,2.7376,1.0222,3218,-0.8053,7.36,161,1187,719,926,76
Action|Adventure|Children|Mystery|Sci-Fi,3.1952,0.9903,2928,-0.3476,8.85,80,687,632,1297,179
Drama|Horror|Mystery|Romance|Thriller,3.5777,0.9614,2336,0.0349,10.74,40,278,322,1439,211
Crime|Drama|Horror,3.606,1.0159,2386,0.0632,12.49,31,259,335,1422,267
Comedy|Horror|Romance|Thriller,2.7125,1.0746,2976,-0.8303,13.27,300,942,780,764,95
Animation|Children|Drama|Fantasy|IMAX,3.1647,1.0682,1469,-0.3781,10.28,42,311,339,610,109
Horror|Thriller|IMAX,2.9417,1.2033,1029,-0.6011,12.93,53,276,214,339,80
Animation|Comedy|Sci-Fi,3.2521,1.2295,1337,-0.2908,13.99,40,211,223,617,147
Comedy|Drama|Horror,3.1743,1.1627,2241,-0.3686,13.3,102,447,447,948,196
Drama|Film-Noir|Mystery|Thriller,3.7538,0.8156,1237,0.211,15.44,14,59,263,718,177
Action|Adventure|Crime|Drama|Romance|Thriller,2.7809,0.9181,1237,-0.7619,10.02,98,369,477,260,26
Comedy|Crime|Romance|Thriller,3.1323,0.8364,1236,-0.4105,4.53,29,262,403,503,27
Comedy|Drama|Mystery|Thriller,3.2737,0.9265,1012,-0.2691,6.82,24,191,236,503,45
Fantasy|Horror|Sci-Fi|Western,2.6957,1.0039,1063,-0.8471,9.13,74,411,235,287,23
Comedy|Mystery|Romance,3.2048,1.0415,1072,-0.3381,14.09,62,187,328,396,89
Crime|Fantasy|Horror,3.8854,0.9058,2316,0.3425,18.78,27,158,233,1462,408
Comedy|Drama|Fantasy|Mystery,3.8713,0.9885,1367,0.3284,18.95,17,103,108,869,242
Action|Adventure|Children|Comedy|Mystery,2.3421,1.2051,1441,-1.2007,12.49,135,535,249,281,45
Action|Animation|Fantasy|Sci-Fi,3.3861,0.988,1172,-0.1567,8.87,25,171,227,640,79
Adventure|Comedy|Mystery,2.6421,1.2917,1063,-0.9008,14.58,86,321,189,284,69
Romance|War,3.2914,1.0861,1747,-0.2515,19.06,100,293,534,576,233
Action|Adventure|Drama|Romance,3.0494,1.066,2236,-0.4934,10.78,134,530,507,897,107
Drama|Thriller|Western,3.4837,0.9199,1321,-0.0591,8.48,17,219,209,768,95
Action|Adventure|Fantasy|Horror|Thriller,2.5964,1.0743,1281,-0.9464,9.6,94,505,263,311,29
Crime|Horror|Mystery,3.2766,0.9985,1128,-0.2662,9.04,32,195,251,548,70
Comedy|Crime|Musical,2.8599,1.0345,1638,-0.6829,6.78,72,533,353,577,39
Action|Comedy|Fantasy|Sci-Fi,3.5442,1.0797,1730,0.0014,15.49,44,205,255,949,224
Documentary|Horror,2.1003,1.4683,2023,-1.4425,19.62,299,310,297,422,98
Adventure|Horror|Sci-Fi,3.1708,1.0386,1537,-0.372,12.04,71,298,437,584,114
Horror|IMAX,2.7311,1.2237,1768,-0.8118,11.6,103,552,341,506,102
Film-Noir|Thriller,3.5282,0.9707,1204,-0.0146,13.04,37,135,244,655,120
